method,ade,fde,num_samples
constant_velocity_last_step,1.1796785389839168,2.715366348442738,3517
constant_velocity_smoothed,1.3681260586708994,3.0276694515344516,3517
