method,ade,fde,num_samples
constant_velocity_last_step,1.1525912079423781,2.6385461937492933,704
constant_velocity_smoothed,1.3001133271404384,2.847668970837152,704
