method,alpha,ade,fde,num_samples
linear_regression,,1.2055881182446186,2.7949798043938987,704
ridge_regression,1.0,1.2105596851562785,2.8052372200565348,704
